1,Brod,Raitt,Support,Recruiter,69331
2,Lexie,Dominetti,Research and Development,Tax Accountant,47002
3,Jaye,Telling,Sales,Account Coordinator,65924
4,Georgie,Vaun,Support,GIS Technical Architect,94543
5,Shelba,Roubert,Accounting,Product Engineer,55623
6,Guenna,Shetliff,Services,Information Systems Manager,57551
7,Kesley,Swainson,Research and Development,Executive Secretary,16963
8,Ethan,Ferrierio,Support,Information Systems Manager,44532
9,Nerta,Clemenza,Sales,Web Developer I,74017
10,Rosette,Guyon,Engineering,VP Accounting,82040
11,Shauna,Littler,Legal,Financial Advisor,35164
12,Rodolfo,Klamp,Research and Development,Registered Nurse,89456
13,Debi,Vido,Product Management,Senior Financial Analyst,44342
14,Giacomo,Icke,Legal,Recruiting Manager,44922
15,Maryellen,Spenton,Engineering,Marketing Assistant,64286
16,Karmen,Perrins,Engineering,Programmer IV,78875
17,Adrien,Redgrove,Legal,Assistant Professor,58945
18,Katerine,McCart,Legal,Assistant Manager,32102
19,Inez,Jolland,Accounting,Food Chemist,70227
20,Conan,McEneny,Sales,Programmer Analyst IV,91465
21,Kylynn,Shafier,Product Management,Design Engineer,90765
22,Decca,Rouf,Engineering,Food Chemist,30821
23,Rozalin,Fehners,Business Development,Staff Accountant III,82778
24,Ginevra,Bachura,Services,Office Assistant IV,74005
25,Nikkie,Pimmocke,Accounting,Administrative Assistant III,31066
